insert into arquiteto(nome,telefone,email) values 

('Adriana Varandas (AA Projetos)','3359 0144','aaprojetos@aaprojetos.com.br'),
('ADRIANO CARVALHO','3264-2822','adriano.supsurf@gmail.com'),
('Adriano Guedes','','adriano_guedes@uol.com.br'),
('Alberto Hermida','3336 7007',''),
('Alessandro Grimaldi','3022 5012','grimaldiarquiteto@gmail.com'),
('ALEXANDRE NALIN','3374 5457','alexandrenalin@yahoo.com.br'),
('Alvarez arqtos associados ( arqta Cilinha )','3336 8047 / 02141',''),
('Amélia Záu ( HAM )','3357-6858','arquiham@aristidesmaltez.org.br '),
('Ana Cristina Lima','3379 4164	',''),
('André Pavie','3012 4902','pavie182@hotmail.com'),
('André Veiga','8870-0745','arq.andreveiga@gmail.com'),
('Arnaldo Mariano ( secretária: Mara)','3248-4002','arnaldomariano@gmail.com'),
('Arturo Braga e Carla Macedo ( arqta Alice )','3341 2233','arturo.arcaarquitetos@gmail.com'),
('AU3 Arquitetura','8804 7026','au3arquitetura@yahoo.com.br'),
('Beatriz Wiering (casa de Ferreira)','3351-5210','biawiering@ig.com.br'),
('Bruna Takeda Arquiteta ',' ','11 3052-3510'),
('Carlos Correia Ribeiro Luz',' ','3264 4954'),
('Caio Bandeira e Thiago Martins',' 98127 4440','caio@caiobandeira.com'),
('Campos Rey Arquitetura (Ricardo Campos)','3011 9953','camposreyarquitetura@terra.com.br'),
('Cássio Santana ( arqta Adriana )','3452-2464',' '),
('Cintia Borja','3344 0293','borjaribeiro@uol.com.br'),
('Cirano Passos','99615372',' '),
('Clementina e Márcia ',' ','mcclementina@hotmail.com'),
('Cristiane Pepe   ( Vanessa )','	3240 4342','	cris.pepe@terra.com.br'),
('Cristina Chaves','	3276 2280','	cristinachavesarquiteta@yahoo.com.br'),
('CRISTINA GUERRA  (Iluminação)','	3353-9773	',' '),
('Cristina Maron','	3351 1481','cristinamaron@terra.com.br'),
('Cristiane Lessa Paixão','3379 2588',' '),
('Baiardi Arquitetos Gabriela Baiardi ','3353 6675',' '),
('D.Albuquerque Arquitetos Associados S/S','3334 5614','carolina@dalbuquerque.com.br'),
('Dante Ferraz','3249 5624',' '),
('Dante e Isabela Brasileiro','3369 1257','antenetto@hotmail.com'),
('David Bastos - escritório de SP','021 11 3088 5500',' '),
('David Bastos',' 	3038 0101	',' '),
('Deane Sacramento (Ind Pedroso)',' ','deanearquiteta@hotmail.com'),
('Débora Klein','3451 3138',' '),
('Deda','3345-1466','contato@dedaarquitetura.com.br'),
('Deraldo Tourinho e Daniel Gomes ( 9968 5556 )','3237-2932	',' danielscg@gmail.com'),
('Dolores Landeiro','3240 0552','doloreslandeiro@hotmail.com'),
('Domo Arquitetura ( Verônica 9134 9075 -  Hélio 9181 2532 )','3267 2006','veronica@domoprojetos.com.br'),
('Dóris Vilas-Boas e João Martins','98814 6202','dorisvilasboas@yahoo.com.br'),
('Eduardo Brandão ','3353 3131','projetos@ebarquitetura.com.br'),
('Eliana Lyra ','3248 5977','elianalyra@yahoo.com'),
('Elizza Valente','8852 0845','contato@elizzavalente.com.br'),
('Eneida Sanches','98258 0527','eneidasanches50@gmail.com'),
('Ernesto Moreno ','2109 3718','emoreno@atarde.com.br'),
('Fabio Pera',' ','fabbiopera@ig.com.br'),
('Fernanda Cidreira	',' ','fernandacidreira@gmail.com'),
('Fernando Lopez (arqto casa Carlos André)','3351 2441','fercharq@gmail.com'),
('Frederico Azevedo','3036 0731','fred@fredazevedo.com.br'),
('Foguel Reis Sá','3267 1531','contato@frsarquitetura.com.br'),
('Guido Ramos  GAM arquitetura Marcelo','2132 4111','guido@gamarquitetos.com.br'),
('Gustavo Charão','3019 2842','gustavo@gcharao.com'),
('Hélio Fernandes','3335 0330','helio@domoprojetos.com.br'),
('Hugo Martín','3336 8542',' '),
('Hugo Mota','99318 0600','hugomottaarquiteto@uol.com.br'),
('IDEA Arquitetura','3272 5166','karine@idea-ba.com'),
('Intown','21 2247 8146','madalena@intown.com.br'),
('Ivan Rocha e Pinilo ( Vívian )','03175 3602 6767','centralimobiliária@uol.com.br'),
('Ivan Rocha e Pinilo','03175 3623 0782','ivanlimarocha@uol.com.br'),
('Ivan Smarcevscki (Sandra Robatto)','33317156','sandra@ivansmarcevscki'),
('Jean Gaston  e Epaminondas Humbert','3240 5066/5412','jeangaston@hbea.com.br'),
('Joana Requião ( Arqtª Lara cel.: 9913 4105 )','3267 7222','producao@joanarequiao.com.br'),
('Joaquim Gonçalves ( arqta Valéria )','3334 0535','projeto@joaquimgoncalves.com.br'),
('José Raimundo Marcelino ( André 9228 5250 )',' ','3356-8005	'),
('Laís Galvão ','3347-1599','contato@laisgalvao.com.br'),
('LCN arquitetura ( Ângela e Lucinei )','3354 3218','projetos@lcnarquitetura.com.br'),
('Lílian Serpa Colavolpe','2201 6646','LILIAN.COLAVOLPE@GMAIL.COM'),
('Lissandra e Sandra','3341 0666',' '),
('Lúcia Maria Facchinetti Sampaio Mascarenhas',' ','arq@luciafacchinetti.com'),
('LUCIANA VASCONCELOS',' ','lucianavasconcellos.pxt@gmail.com'),
('Luzia Montenegro','3369 3385','luziamontenegro@bol.com.br'),
('Mariana Gurgel',' ','mariana@marianagurgel.com.br'),
('Marcio Azevedo',' ','msaarquitetura@hotmail.com'),
('Marcus Barbosa',' ','projetos@marcusbarbosa.com.br'),
('Martha Valença (Valença e Valença Arquitetura)','3358 3021',' '),
('Mário Figueiredo  (Tiago)','3341 2646','projetos@mariofigueiredo.com.br'),
('Mário Vieira Lima (Mário 9981 3148 )','3344 1372','mariovieiralima@uol.com.br'),
('Marlon Gama ','3341 6959',' '),
('Minho e Bittencourt ( José Fernando e Márcio)','3035 8044','minho@minhobittencourt.com.br'),
('Moreno e Brasileiro','3023 4886','contato@morenoebrazileiro.com'),
('Mundi Projetos ( Antônio Fonseca e Paulo Reis)','3357 1202 ',' '),
('Nena Barbosa','3351-6171',' '),
('Paulo Coelho','8898 3741','rossicoelho@uol.com.br'),
('PAULO MELO ','3276-2076','paulomelo@atarde.com.br'),
('Ricardo Farias','3341 3345',' '),
('Roberto Leal Neto','3495 2724','roberto@nrarquitetura.com.br'),
('ROBERIO PITHON','3346-1576',' '),
('Rogério Menezes (Lais )','3276 1687','rogerio@rogeriomenezes.arq.br'),
('Rosana Meirelles',' ','rosanameirelles@ig.com.br'),
('Samia Moura (Ceará)',' ','samiamoura80@gmail.com'),
('Samy Saffe','3342 2277','samysaffe@gmail.com'),
('Sandra Gazar','3022 9092','sandragazar@gmail.com'),
('SERGIO PINHEIRO (arqto Adamo Pinheiro)','3379 2411',' '),
('SÉRGIO/SETE ARQUITETURA','9628 8255 ','sergio.alencar@gmail.com'),
('SETE ARQUITETURA','3322-3478','sete43arquitetura@gmail.com>'),
('SIDNEY QUINTELA/Isabela Mota','9967 6685',' '),
('SIDNEY QUINTELA/Maíra Sampaio e Laís Barreto','3333 7000',' '),
('Simone Ferraro',' ','sferraro@uol.com.br'),
('Sílvia Sarno',' ','silviasarno@terra.com.br'),
('Somar arqto e Const ( arta Rosâgela Campos )','3638 1623','somar.arq@hotmail.com'),
('SOTERO ','3321 0987','eric@soteroarquitetos.com.br'),
('SUSE LARANJEIRAS','3353-0088',' '),
('Thaís Vaz (ind Pedroso)',' ','thaidvaz@hotmail.com'),
('Tiago Vasconcelos','98144 0438','tiagolmvasconcelos@hotmail.com'),
('Ventus Arquitetura','3341 3345','larissa@rfarquitetos.com.br'),
('Vitor Vale (Praia do Forte)',' ','vitorvalearquitetura@gmail.com'),
('VILSANA',' ','vilsana@terra.com.br'),
('William Marques',' ','wmarques66@yahoo.com.br');

insert into coordena(coordenador,projetista) values 
('Dimitri','Carlis'),
('Dimitri','Alexandre'),
('Dimitri','Arthur'),
('Carlis','Rodrigo');

insert into equipe(disciplina,integrante) values 
('Elétrica','Alexandre'),
('Elétrica','Dimitri'),
('Elétrica','Arthur'),
('Hidrossanitário','Carlis'),
('Hidrossanitário','Rodrigo');

insert into projeto(nome,autor,disciplina,data_recebimento) values 
('casa_alberto','Dimitri','Elétrica','2018-06-25'),
('casa_alberto','Rodrigo','Hidrossanitário','2018-06-25'),
('casa_wenes','Alexandre','Elétrica','2018-01-13'),
('casa_wenes','Rodrigo','Hidrossanitário','2018-01-13'),
('casa_mariana','Alexandre','Elétrica','2019-02-10'),
('casa_mariana','Carlis','hidrossanitário','2019-02-10'),
('bahia mar(edificio)','Alexandre','Elétrica','2018-07-07'),
('bahia mar(edificio)','Carlis','Hidrossanitário','2018-07-07'),
('bahia mar(edificio)','Maria do Socorro','incêndio','2018-07-07'),
('bahia mar(edificio)','Alexandre','SPDA','2018-07-07');

insert into projetista(nome,especialidade,telefone,email,contrato) values 

('André Soares','AR CONDICIONADO','9601 1620','andreflsoares@gmail.com','terceirizado'),
('Nilton Santos','AR CONDICIONADO','9941 4757','ns@atarde.com.br','terceirizado'),
('Gustavo Fraga','AR CONDICIONADO','9983 6450','gustavomfraga@gmail.com','terceirizado'),
('Francisco José','AR CONDICIONADO','8793 4800','francisco@fjsprojetos.com.br','terceirizado'),
('João Batista ','AR CONDICIONADO','9981 7345','jb_joaobatista@terra.com.br','terceirizado'),
('Mário Sérgio','AR CONDICIONADO',	'','msa@msa.com.br','terceirizado'),
('Ricardo','AR CONDICIONADO','8152 2920','','terceirizado'),
('André Fontes','AR CONDICIONADO','	9104 3598','andre.fontes@artemp.com.br','terceirizado'),
('Ronaldo','CADISTA','99913 1291',	' ','terceirizado'),
('Oberto Adamastor','CADISTA','9185 1609',	' ','terceirizado'),
('Ivan (ind Socorro)','	CADISTA , CADASTRO e QUANTITATIVO','99131 0689',' ','terceirizado'),
('Ruy Leal','DRENAGEM','8827 5001','ruyl@globo.com','terceirizado'),
('Enock ( ind João Torres )','DRENAGEM','8889 4925','enockeng@globo.com','terceirizado'),
('Valdecir',' ELÉTRICO iluminação pública','98156 9579',' ','terceirizado'),
('Anderson Castro(eng da Coelba de Feira )','	ELÉTRICO','	03175 99253 0993',	' ','terceirizado'),
('Marcelo Moreira - ind Marcelo Seabra','ELÉTRICO','9916 8157',' ','terceirizado'),
('Paulo Henrique - ind Marcelo Seabra','ELÉTRICO','	9717 2302',' ','terceirizado'),
('Luciano Andrade (ex-coelba)','ELÉTRICO(rede URBANA)','8713 3503','lccandrade@yahoo.com.br','terceirizado'),
('Nelson Figueiredo','	ELÉTRICO','	9244 2725','	' '','terceirizado'),
('Eng Lúcio Sales','	ELÉTRICO E QUALIDADE DE ENERGIA','	3461 8808','	www.technohome.com.br','terceirizado'),
('Mário Mota ','	ESGOTO','	9989 7971','	mario.mota@hitaengenharia.com.br','terceirizado'),
('Francisco Pereira',' 	ESGOTO','	3359 4000','	' '','terceirizado'),
('João Castro ( ind Burgos - trabalha na Embasa )','	ESGOTO( rede URBANA )','	8779 4751','	jcastro2121@gmail.com','terceirizado'),
('Fábio Pontes','	ESGOTO( rede URBANA )','	8368 3328','	eng.fpontes@gmail.com','terceirizado'),
('Fabrício ( ind eng Afonso q trabalha na Embasa )','	ESGOTO ( rede URBANA )','	8708 4767','	projetosdesaneamento@gmail.com','terceirizado'),
('Angélica ','	HIDROSANITÁRIO','8828-2721',' ','terceirizado'),
('Edfran de Jesus','HIDROSANITÁRIO','8654 0932','edfrandejesus@yahoo.com.br','terceirizado'),
('Diógenes','HIDROSANITÁRIO','' '','dscarvalho.proj@gmail.com','terceirizado'),
('Roberto Carlos Souza Costa','HIDROSANITÁRIO','9957 5557',' ','terceirizado'),
('Socorro ( ind por Pedroso)','HIDROSANITÁRIO','8826 2636','socorro@2mszengenharia.com','terceirizado'),
('Nilton (ind por Felipe Supergasbras)','GÁS','	98814 9779',' ','terceirizado'),
('Luis Leite (ind Roberto Carlos)','SPDA','	99788452',' ','terceirizado'),
('Bruno Borges','SEGURANÇA','99988 5653','brpborges31@gmail.com','terceirizado'),
('Donato Lessa','SEGURANÇA','99186 1307',' ','terceirizado'),
('JOSÉ VIEIRA NETO','SEGURANÇA','8517 8338','vieira@zambezeprojetos.com','terceirizado'),
('Rebello','SEGURANÇA',' ','rebelloneto@gmail.com','terceirizado'),
(' Socorro','SEGURANÇA','98826 2636','socorro@2mszengenharia.com','terceirizado'),
('Vinícius (ind por Sílvio e Maurício SAJ)','SEGURANÇA',' ','vinicius@svabastos.com.br','terceirizado'),
('Rafael Cruz','Hidrossanitário','8273 3212',' ','terceirizado'),
('Dimitri','Elétrica','98101-3757',' ','interno'),
('Alexandre', 'Elétrica','98893-4151','japinha2812@hotmail.com','interno'),
('Rodrigo', 'Hidrossanitário','9118-6253',' ','interno'),
('Arthur','Elétrica',' ',' ','interno'),
('Carlis', 'Hidrossanitário','99293-3929',' ','interno');

insert into orgao (nome,telefone,UF) values 
('coelba','08000710800','BA'),
('embasa','08000555195','BA'),
('corpo de bombeiros','71-3116-6621','BA'),
('energisa', '63-3219-5000','TO'),
('corpo de bombeiros','11-3396-2000','SP');


